{"CHF_ZAR & EUR_SEK": [1.205393434408617, 1.4609498596061632, 1.4708570886637355, 1.4467752635351796, 1.2219350902790513, 1.219049871938493, 1.4881293832305573, 1.2242941680656643, 1.222195979619142, 1.4267968712890367, 1.4873902877981418, 1.550413023562163, 1.500911903046578, 1.4671364921896202, 1.4393005806167312, 1.4358117496929341, 1.4417932664476003, 1.3228728243871004, 1.1199203634649664, 0.88637781638277, 0.8344512862442465, 0.8728535396156142, 0.830415418287292, 0.810007336730016, 0.7968821750591298, 0.7885374543600969, 0.786388517296828, 0.7788484515936552, 0.7226112765344133, 0.7065793033817717, 0.7345411189650097, 0.7742571939664457, 0.708211612793098, 0.7052200641345392], "USD_NOK & USD_CAD": [-1.8834602933557367, -1.852934582641804, -1.8481125701371937, -1.8418218668416504, -1.828344702417696, -1.8445580664170325, -1.8648195761769315, -1.8879340806796077, -1.9079113190307702, -1.855512365773226, -1.8480900878746351, -1.8657955947260765, -1.8584364835524751, -1.8694348176846038, -1.8801414605231985, -1.8547519740107283, -1.8647795157324327, -1.5997450880741095, -1.6081105131917997, -1.5724717648965925, -1.5599604277161114, -1.498641134210638, -1.5071425708666841, -1.5058380631960928, -1.4952351292077548, -1.4881361553351304, -1.5274666316099996, -1.5448642639833603, -1.50152714946611, -1.490156886560096, -1.4755290266535388, -1.4358560585871813, -1.47592640006226, -1.5458370555605776], "EUR_SGD & NZD_CAD": [-1.7182649759644761, -1.8139330006331706, -1.755027289532998, -1.763735235770654, -1.7082388400852726, -1.7075474834608302, -1.72383328083168, -1.7375842367914842, -1.7443888345447367, -1.7362624087407523, -1.7387614460649568, -1.7225055623240435, -1.7475638966964107, -1.7889407846887286, -1.8041732744335066, -1.760624729976642, -1.7717410324877048, -1.5663987810824718, -1.6270762815839996, -1.6089807362202422, -1.4816490287549677, -1.4267829616296825, -1.385947595727444, -1.379588749445272, -1.3654258369418075, -1.3673509479742996, -1.3395569063633628, -1.2913201735555404, -1.2676523582219608, -1.23859819292765, -1.331850675388521, -1.3924940322874215, -1.382868321981758, -1.4408799232063296], "USD_ZAR & USD_SEK": [0.7941829649479109, 1.0583230478210333, 1.0714053705232691, 1.0490093579409157, 1.07426959896918, 0.781777671364377, 0.8049395357742598, 0.7789732707651064, 0.8082117638248965, 0.8146094284468616, 0.839146010427743, 1.0220267979894602, 0.880052800450087, 0.8167571505234263, 0.7553270233109696, 0.76781825152877, 0.7867602604232565, 0.7561492046305692, 0.784027023136022, 0.6449668651902283, 0.5204174856558801, 0.4560818818228502, 0.48557510433325424, 0.30459906746073717, 0.3925353490229474, 0.3833245003528475, 0.3324983067787318, 0.3425186145305852, 0.18951884411239386, -0.003994897749607228, 0.15436929438587724, 0.14995331429860714, 0.08604026569195627, 0.09125086195506475], "EUR_CAD & EUR_NOK": [1.9390541744970773, 1.9461589595689137, 1.9149114998519934, 1.9328180055671933, 1.9073123471647917, 1.9357350723251805, 1.9403806431216597, 1.9655694999891986, 1.9867892955681716, 1.9295631937987867, 1.9320775825172911, 1.9294156008893535, 1.92597269414874, 1.9408966748053604, 1.9911645482745701, 1.9669924408565327, 1.9531339706483315, 1.7056423518783517, 1.6943403924568345, 1.6352524775806243, 1.5777803223439104, 1.5810919461622535, 1.5761794601216645, 1.5463369124556225, 1.5290960916164107, 1.544984921291196, 1.554139186756729, 1.5840644484727187, 1.5581467699222713, 1.5329044072284903, 1.534260928600932, 1.477992571189102, 1.5291328877471009, 1.5648767651828235], "SGD_CHF & USD_TRY": [-1.5435149974717381, -1.4258940491720102, -1.4364907910425952, -1.3641244568317952, -1.3856141033344587, -1.4282579745790613, -1.4704485904982032, -1.44941037250365, -1.499470868688372, -1.5202331141646621, -1.499470868688372, -1.4785925485372107, -1.3889062215328334, -1.3889062215328334, -1.3889062215328334, -1.3458503905198338, -1.3458503905198338, -1.336344662482877, -1.2046920496930302, -1.1503152722789265, -1.1716807019827338, -1.1716807019827338, -1.192955734392704, -1.1716807019827338, -1.2650140227312097, -1.2549782960283296, -1.2234388287856717, -1.2234388287856717, -1.2549782960283296, -1.2966991732111282, -1.3125500816380895, -1.3125500816380895, -1.2790538142813304, -1.247677529049745], "AUD_USD & EUR_TRY": [-0.8585923364167882, -0.9574817199275659, -0.9890400998056028, -0.9825574464667902, -0.9879786429625361, -0.9781947912138508, -0.9134321709444901, -0.9227398784006369, -0.8730246968594105, -0.8489223817050005, -0.8278068320215676, -0.9005138165083663, -0.8845457306863174, -0.9248846314859516, -0.9220514327558467, -1.0382320049484601, -0.9495951170906521, -0.8322148637127974, -0.7615017511771595, -0.8087588785016184, -0.9032521081883247, -0.9774338189490915, -0.9654702349968032, -0.9463721650268465, -0.9377866549653914, -0.9730463073082932, -0.9472379376693927, -0.9917194276324777, -1.0085435076439893, -0.9663184657207247, -0.9162185601420513, -0.8958012620290418, -0.9602738281532892, -0.9518957503454011], "AUD_NZD & EUR_PLN": [-1.302133714424664, -1.492377210094394, -1.3473508431513106, -1.4408445646410015, -1.3566404592241437, -1.3694498803659232, -1.3213355999682452, -1.351905180453641, -1.2953896394874356, -1.3499805057562284, -1.3535522332775964, -1.4137363907132017, -1.3535522332775964, -1.3791507627932276, -1.3663710409033434, -1.3380409408217142, -1.2999250626738097, -1.2531749155427996, -1.197730196137878, -1.1224591777910569, -1.1095101275548236, -1.1095101275548236, -1.1224591777910569, -1.0311658932707193, -1.1174251495517826, -1.134669905981334, -1.1088000030203613, -1.0172809973694328, -1.0040868442034796, -0.9510219132871062, -1.0893150700477396, -1.1604121704386974, -1.074820383182661, -1.1860247676130897], "EUR_AUD & EUR_NZD": [1.138956393734639, 1.3335754312447123, 1.1583453509734358, 1.1608576363154237, 1.1363027196263096, 1.2017649695991837, 1.1045303610960142, 1.0698826315757979, 1.0342501229997696, 1.1025018879113007, 1.1740341487761243, 1.2387538107605984, 1.1564603235398643, 1.1865440703945707, 1.1750346124180608, 1.2242617595720875, 1.207245306127406, 1.0886792393193587, 0.9796595147747766, 1.056332114077672, 1.0058401557510788, 1.0293310919702938, 1.0148856032993196, 0.8830528705314922, 0.9979419085715495, 1.0159169616655295, 1.0053197929036035, 0.8669426199017691, 0.8170778245751166, 0.7498542308150269, 1.0042865955433184, 1.129319585748933, 1.0397594999456252, 1.053759922259554], "NZD_SGD & AUD_SGD": [1.0982599916578322, 1.3727951502012465, 1.2380593269855007, 1.2075698783249467, 1.1682398239531564, 1.2083717807489125, 1.1362219422022348, 1.0478698037726677, 0.9922842318545109, 1.1411143738456582, 1.1892833857655638, 1.2005819423533268, 1.1676961992811667, 1.2209639168358908, 1.2236382543010442, 1.1709430250780841, 1.226848262287207, 1.10730311240822, 0.9809110861116649, 1.0926095124259463, 1.0246383791629203, 1.0909807219891394, 1.073510521371894, 0.9697936714236738, 1.0653050234628454, 1.0293257179273974, 1.0019873496607161, 0.893383917155536, 0.8493258010356294, 0.8092692286793317, 1.073510521371894, 1.1554440748445585, 0.995065289735296, 1.0543456576830974], "AUD_CHF & NZD_CHF": [-1.0616145172948859, -1.3002947250914032, -1.1656978538399942, -1.1432284854951484, -1.0832335363086742, -1.1285898601152013, -1.015706575989065, -1.0326630144085334, -0.9433103981660556, -1.0696298762289378, -1.1317560555699946, -1.2056557905583223, -1.0991901893277387, -1.173557674602882, -1.1365066747164667, -1.1139103005124962, -1.155065743109832, -1.0378368164536302, -0.9337536907862366, -1.0161140101420303, -0.9598388564756257, -0.9858163764127366, -0.9406938810951516, -0.9557707183262979, -1.02578078572218, -1.0028038875179355, -1.004822787512642, -0.8499253239646587, -0.8242474390410073, -0.6979400548884851, -1.0068410065704008, -1.065473930115719, -0.9987640489721145, -1.0157150578381182],